{"n_params": 1061816449, "_timestamp": 1707599796.858889, "_runtime": 5.647788047790527, "_step": 0, "_wandb": {"runtime": 7}}