{"n_params": 1061816449, "_timestamp": 1707638171.1786575, "_runtime": 4.7318854331970215, "_step": 0, "_wandb": {"runtime": 4}}