{"n_params": 1061815937, "_timestamp": 1707527660.6667738, "_runtime": 9.814391851425171, "_step": 0, "_wandb": {"runtime": 27}}