{"n_params": 1061815937, "_timestamp": 1707527660.6610112, "_runtime": 9.810659170150757, "_step": 0, "_wandb": {"runtime": 25}}