{"n_params": 1061815937, "_timestamp": 1707524881.263478, "_runtime": 6.841613054275513, "_step": 0, "_wandb": {"runtime": 25}}