{"n_params": 1061816449, "_timestamp": 1707619002.5024776, "_runtime": 5.126791715621948, "_step": 0, "_wandb": {"runtime": 5}}