{"n_params": 1061815937, "_timestamp": 1707598257.5197978, "_runtime": 5.517059803009033, "_step": 0, "_wandb": {"runtime": 13}}