{"n_params": 1061815937, "_timestamp": 1707524490.9923935, "_runtime": 7.67233943939209, "_step": 0, "_wandb": {"runtime": 14}}