{"n_params": 1061815937, "_timestamp": 1707617559.6863217, "_runtime": 7.033642768859863, "_step": 0, "_wandb": {"runtime": 5}}