{"n_params": 1061816449, "_timestamp": 1707635984.9104152, "_runtime": 51.037641286849976, "_step": 1, "train_err": 10.852584972381592, "time": 42.22561271899758, "avg_loss": 0.5426292486190796, "421_h1": 0.08333010613918304, "421_l2": 0.35444886565208433, "lr": 0.001, "_wandb": {"runtime": 55}}