{"n_params": 66377377, "_timestamp": 1707523097.8497071, "_runtime": 131.88032412528992, "_step": 10, "train_err": 0.5481193327903747, "time": 10.72231496393215, "avg_loss": 1.370298331975937, "421_h1": 0.012942408733069897, "421_l2": 0.04777267158031464, "lr": 0.001, "_wandb": {"runtime": 131}}