{"n_params": 1061815937, "_timestamp": 1707524483.4205017, "_runtime": 8.499592781066895, "_step": 0, "_wandb": {"runtime": 40}}