{"n_params": 1061815937, "_timestamp": 1707524490.9965885, "_runtime": 7.599889516830444, "_step": 0, "_wandb": {"runtime": 15}}