{"n_params": 1061815937, "_timestamp": 1707683969.5384302, "_runtime": 7.302182197570801, "_step": 0, "_wandb": {"runtime": 6}}