{"n_params": 1061815937, "_timestamp": 1707524491.0860941, "_runtime": 7.720222234725952, "_step": 0, "_wandb": {"runtime": 15}}