{"n_params": 1061816449, "_timestamp": 1707617193.7854648, "_runtime": 8.77373480796814, "_step": 0, "_wandb": {"runtime": 8}}