{"n_params": 1061815937, "_timestamp": 1707527799.2987738, "_runtime": 17.65416979789734, "_step": 1, "train_err": 9.099011034965516, "time": 5.469558003009297, "avg_loss": 227.47527587413788, "421_h1": 0.5780311059951783, "421_l2": 0.6022625255584717, "lr": 0.001, "_wandb": {"runtime": 17}}