{"n_params": 1061815937, "_timestamp": 1707546294.6955605, "_runtime": 5.557696342468262, "_step": 0, "_wandb": {"runtime": 13}}