{"n_params": 1061816449, "_timestamp": 1707685559.5671902, "_runtime": 4.7313361167907715, "_step": 0, "_wandb": {"runtime": 4}}