{"n_params": 1061816449, "_timestamp": 1707633856.8037395, "_runtime": 51.30851364135742, "_step": 1, "train_err": 10.852584972381592, "time": 42.77086182999483, "avg_loss": 0.5426292486190796, "421_h1": 0.08333010613918304, "421_l2": 0.35444886565208433, "lr": 0.001, "_wandb": {"runtime": 55}}