{"n_params": 1061815937, "_timestamp": 1707598350.6177754, "_runtime": 5.178666353225708, "_step": 0, "_wandb": {"runtime": 13}}