{"n_params": 1061816449, "_timestamp": 1707600037.413594, "_runtime": 1114.1882600784302, "_step": 29, "train_err": 0.35790819346904756, "time": 34.59784237200074, "avg_loss": 0.017895409673452378, "421_h1": 0.008551824428141118, "421_l2": 0.014502989277243614, "lr": 0.001, "_wandb": {"runtime": 1147}}