{"n_params": 1061815937, "_timestamp": 1707524881.2638156, "_runtime": 6.841451644897461, "_step": 0, "_wandb": {"runtime": 23}}