{"n_params": 66377377, "_timestamp": 1707523230.932824, "_runtime": 6.866454839706421, "_step": 0, "_wandb": {"runtime": 6}}