{"n_params": 1061816449, "_timestamp": 1707600949.449135, "_runtime": 53.24068307876587, "_step": 1, "train_err": 10.193241081237794, "time": 44.187643047072925, "avg_loss": 254.83102703094482, "421_h1": 0.07633483111858368, "421_l2": 0.16369189321994781, "lr": 0.001, "_wandb": {"runtime": 52}}