{"n_params": 1061816449, "_timestamp": 1707599746.297372, "_runtime": 6.6803600788116455, "_step": 0, "_wandb": {"runtime": 6}}