{"n_params": 66377377, "_timestamp": 1707523814.366362, "_runtime": 6.9046711921691895, "_step": 0, "_wandb": {"runtime": 6}}