{"n_params": 66377377, "_timestamp": 1707523689.9042704, "_runtime": 7.74333643913269, "_step": 0, "_wandb": {"runtime": 7}}