{"n_params": 1061815937, "_timestamp": 1707524483.4163518, "_runtime": 6.6819798946380615, "_step": 0, "_wandb": {"runtime": 39}}