{"n_params": 66377377, "_timestamp": 1707521683.9011724, "_runtime": 132.00059151649475, "_step": 10, "train_err": 0.5828722834587097, "time": 11.168056388036348, "avg_loss": 1.4571807086467743, "421_h1": 0.023884550631046296, "421_l2": 0.03953401535749435, "lr": 0.001, "_wandb": {"runtime": 131}}