{"n_params": 1061816449, "_timestamp": 1707637012.433118, "_runtime": 51.93882513046265, "_step": 1, "train_err": 10.852468891143799, "time": 42.18865329900291, "avg_loss": 0.5426234445571899, "421_h1": 0.08327171683311463, "421_l2": 0.3544620215892792, "lr": 0.001, "_wandb": {"runtime": 56}}