{"n_params": 66376865, "_timestamp": 1707521444.759955, "_runtime": 7.948308944702148, "_step": 0, "_wandb": {"runtime": 7}}