{"n_params": 1061815937, "_timestamp": 1707528080.4229534, "_runtime": 6.230440378189087, "_step": 0, "_wandb": {"runtime": 18}}