{"n_params": 1061816449, "_timestamp": 1707617666.273779, "_runtime": 51.3341588973999, "_step": 1, "train_err": 10.85238000869751, "time": 42.11235365504399, "avg_loss": 0.5426190004348755, "421_h1": 0.08325545728206635, "421_l2": 0.3544167387485504, "lr": 0.001, "_wandb": {"runtime": 66}}