{"n_params": 1061815937, "_timestamp": 1707598301.328321, "_runtime": 5.823141098022461, "_step": 0, "_wandb": {"runtime": 5}}