{"n_params": 1061815937, "_timestamp": 1707598208.8152158, "_runtime": 8.271294832229614, "_step": 0, "_wandb": {"runtime": 7}}