{"n_params": 1061815937, "_timestamp": 1707524881.2636783, "_runtime": 6.862864255905151, "_step": 0, "_wandb": {"runtime": 25}}