{"n_params": 1061815937, "_timestamp": 1707633755.6143944, "_runtime": 8.561664342880249, "_step": 0, "_wandb": {"runtime": 8}}