{"n_params": 1061815937, "_timestamp": 1707527660.6613827, "_runtime": 9.782323598861694, "_step": 0, "_wandb": {"runtime": 27}}