{"n_params": 1061815937, "_timestamp": 1707527967.2505362, "_runtime": 6.381069183349609, "_step": 0, "_wandb": {"runtime": 17}}