{"n_params": 66376865, "_timestamp": 1707520669.3385844, "_runtime": 46.21491551399231, "_step": 10, "train_err": 1.863031826019287, "time": 3.2746328419307247, "avg_loss": 4.657579565048218, "421_h1": 0.025167126953601838, "421_l2": 0.03210203647613526, "lr": 0.001, "_wandb": {"runtime": 45}}