{"n_params": 1061815937, "_timestamp": 1707598856.5975704, "_runtime": 5.36816143989563, "_step": 0, "_wandb": {"runtime": 5}}