{"n_params": 1061816449, "_timestamp": 1707618925.735445, "_runtime": 55.24620294570923, "_step": 1, "train_err": 10.85238000869751, "time": 41.790237421984784, "avg_loss": 0.5426190004348755, "421_h1": 0.08325545728206635, "421_l2": 0.3544167387485504, "lr": 0.001, "_wandb": {"runtime": 55}}