{"n_params": 1061816449, "_timestamp": 1707635538.482922, "_runtime": 51.042948961257935, "_step": 1, "train_err": 10.852584972381592, "time": 42.1082159899961, "avg_loss": 0.5426292486190796, "421_h1": 0.08333010613918304, "421_l2": 0.35444886565208433, "lr": 0.001, "_wandb": {"runtime": 55}}