{"n_params": 1061815937, "_timestamp": 1707528092.6210828, "_runtime": 18.045562744140625, "_step": 1, "train_err": 9.099011034965516, "time": 6.454198025981896, "avg_loss": 227.47527587413788, "421_h1": 0.5780311059951783, "421_l2": 0.6022625255584717, "lr": 0.001, "_wandb": {"runtime": 17}}