{"n_params": 1061815937, "_timestamp": 1707546238.2994258, "_runtime": 6.798255920410156, "_step": 0, "_wandb": {"runtime": 14}}