{"n_params": 1061815937, "_timestamp": 1707524082.7421446, "_runtime": 133.83136653900146, "_step": 10, "train_err": 0.9385256361961365, "time": 40.442468985915184, "avg_loss": 2.346314090490341, "421_h1": 0.05345545262098313, "421_l2": 0.05994926303625107, "lr": 0.001, "_wandb": {"runtime": 133}}