{"n_params": 1061816449, "_timestamp": 1707636392.9820766, "_runtime": 155.97414660453796, "_step": 4, "train_err": 1.1360671734809875, "time": 32.194224460050464, "avg_loss": 0.05680335867404938, "421_h1": 0.021657947599887848, "421_l2": 0.08522651016712189, "lr": 0.001, "_wandb": {"runtime": 185}}